{
    "loss": 3.883798360824585,
    "accuracy": 0.5975000262260437
}