{
    "loss": 3.1024556159973145,
    "accuracy": 0.5616666674613953
}